{
  "lang":"en",
  "name":"pipeline",
  "version":"0.0.0",
  "spacy_version":">=3.7.4,<3.8.0",
  "description":"",
  "author":"",
  "email":"",
  "url":"",
  "license":"",
  "spacy_git_version":"bff8725f4",
  "vectors":{
    "width":0,
    "vectors":0,
    "keys":0,
    "name":null,
    "mode":"default"
  },
  "labels":{
    "tok2vec":[

    ],
    "ner":[
      "AMOUNT",
      "CGSTIN",
      "CUSTOMER",
      "GRANDTOTAL",
      "HSN",
      "INVOICEDATE",
      "INVOICENO",
      "ITEMNAME",
      "PRICE",
      "QUANTITY",
      "TAXABLEAMT",
      "UNIT",
      "VENDOR",
      "VGSTIN"
    ]
  },
  "pipeline":[
    "tok2vec",
    "ner"
  ],
  "components":[
    "tok2vec",
    "ner"
  ],
  "disabled":[

  ],
  "performance":{
    "ents_f":0.9979688558,
    "ents_p":0.9972936401,
    "ents_r":0.9986449864,
    "ents_per_type":{
      "VENDOR":{
        "p":1.0,
        "r":1.0,
        "f":1.0
      },
      "CUSTOMER":{
        "p":0.9655172414,
        "r":0.9655172414,
        "f":0.9655172414
      },
      "INVOICENO":{
        "p":1.0,
        "r":1.0,
        "f":1.0
      },
      "INVOICEDATE":{
        "p":1.0,
        "r":1.0,
        "f":1.0
      },
      "VGSTIN":{
        "p":1.0,
        "r":1.0,
        "f":1.0
      },
      "CGSTIN":{
        "p":0.96,
        "r":1.0,
        "f":0.9795918367
      },
      "ITEMNAME":{
        "p":1.0,
        "r":1.0,
        "f":1.0
      },
      "HSN":{
        "p":1.0,
        "r":1.0,
        "f":1.0
      },
      "AMOUNT":{
        "p":1.0,
        "r":1.0,
        "f":1.0
      },
      "TAXABLEAMT":{
        "p":1.0,
        "r":1.0,
        "f":1.0
      },
      "GRANDTOTAL":{
        "p":1.0,
        "r":1.0,
        "f":1.0
      },
      "QUANTITY":{
        "p":1.0,
        "r":1.0,
        "f":1.0
      },
      "PRICE":{
        "p":1.0,
        "r":1.0,
        "f":1.0
      },
      "UNIT":{
        "p":1.0,
        "r":1.0,
        "f":1.0
      }
    },
    "tok2vec_loss":195.7993009053,
    "ner_loss":189.9654363563
  }
}